week	quarter	date	block	codes	notes
W01	Q1	08-30	B1 · Place value	1.NBT.A.1,1.NBT.B.2	Baseline entry task · number & calculation snapshot
W02	Q1	09-06	B1 · Place value	1.NBT.A.1,1.NBT.B.2,2.NBT.A.3	
W03	Q1	09-13	B1 · Place value	1.NBT.A.1,1.NBT.B.2,1.NBT.B.3,2.MD.B.6,2.NBT.A.3	
W04	Q1	09-20	B1 · Place value	1.NBT.A.1,1.NBT.B.3,2.NBT.A.2	End of Block 1 · Place value
W05	Q1	09-27	B2 · Addition and subtraction	1.NBT.A.1,1.NBT.B.3,1.OA.B.3,1.OA.B.4,1.OA.C.6,2.NBT.B.5,K.OA.A.4	
W06	Q1	10-04	B2 · Addition and subtraction	1.NBT.B.2,1.NBT.C.4,1.NBT.C.6,1.OA.B.3,1.OA.B.4,1.OA.C.5,1.OA.C.6,2.NBT.B.5,K.OA.A.4	
W07	Q1	10-11	B2 · Addition and subtraction	1.NBT.C.4,1.NBT.C.6,1.OA.A.2,1.OA.B.3,1.OA.C.6,2.NBT.B.5	
W08	Q1	10-18	B2 · Addition and subtraction	1.NBT.C.4,1.NBT.C.5,1.NBT.C.6,1.OA.C.6,2.NBT.B.5	
W09	Q2	11-01	B2 · Addition and subtraction	1.NBT.C.4,1.NBT.C.5,1.NBT.C.6	
W10	Q2	11-08	B2 · Addition and subtraction	1.NBT.C.4,1.NBT.C.6,1.OA.A.1,1.OA.D.7,2.NBT.B.5	
W11	Q2	11-15	B3 · Shape	1.G.A.1,1.NBT.C.4,1.OA.A.1,1.OA.D.7,1.OA.D.8	End of Block 2 · Add & subtract
W12	Q2	11-22	B3 · Shape	1.G.A.1,2.G.A.1,4.G.A.3,K.G.B.5	
W13	Q2	11-29	B3 · Shape	1.G.A.1,2.G.A.1,4.G.A.3,K.G.B.4	
W14	Q2	12-06	B3 · Shape		Mock checkpoint · place value and addition & subtraction within 100
W15	Q2	12-13	B3 · Shape		Term-1 assessment · Paper A;Term-1 assessment · Paper B
W16	Q3	01-03	B3 · Shape	1.G.A.1,2.G.A.1,K.G.A.2,K.G.B.4	
W17	Q3	01-10	B4 · Money	1.G.A.2,1.NBT.B.3,1.NBT.C.4,2.MD.C.8	End of Block 3 · Shape
W18	Q3	01-17	B4 · Money	1.NBT.B.3,2.MD.C.8	
W19	Q3	01-24	B5 · Multiplication and division	1.OA.A.1,2.MD.C.8,2.OA.A.1,3.OA.A.1	End of Block 4 · Money
W20	Q3	01-31	B5 · Multiplication and division	2.OA.C.4,3.OA.A.1	
W21	Q3	02-07	B5 · Multiplication and division	2.OA.C.4,3.OA.A.1,3.OA.A.2	
W22	Q3	02-14	B5 · Multiplication and division	2.OA.C.3,3.OA.A.2,3.OA.C.7	
W23	Q3	02-21	B5 · Multiplication and division	2.NBT.A.2,2.OA.C.3,3.OA.A.1,3.OA.A.2,3.OA.C.7	
W24	Q3	02-28	B5 · Multiplication and division	2.NBT.A.2,3.OA.A.2,3.OA.C.7	
W25	Q3	03-07	B5 · Multiplication and division	2.NBT.A.2,3.OA.C.7	
W26	Q3	03-14	B6 · Length and height	1.MD.A.1,1.MD.A.2,2.MD.A.1,2.MD.A.4	
W27	Q3	03-21	B7 · Mass, capacity and temperature	1.MD.A.1,1.MD.A.2,2.MD.A.1,2.MD.A.4,2.MD.B.5,3.MD.A.2,K.MD.A.2	End of Block 5 · Mult & div
W28	Q3	03-28	B7 · Mass, capacity and temperature	3.MD.A.2,K.MD.A.2	
W29	Q4	04-04	B7 · Mass, capacity and temperature	3.MD.A.2,K.MD.A.2	End of Block 6 · Length & height
W30	Q4	04-11	B8 · Fractions	1.G.A.3,3.NF.A.3.B	End of Block 7 · Mass & capacity
W31	Q4	04-18	B8 · Fractions	1.G.A.3,2.G.A.3	
W32	Q4	04-25	B8 · Fractions	1.G.A.3,2.G.A.3,3.NF.A.1	
W33	Q4	05-02	B8 · Fractions	1.G.A.3,3.NF.A.1,3.NF.A.3.B,3.NF.A.3.C	End of Block 8 · Fractions
W34	Q4	05-09	B9 · Time	1.MD.B.3,2.MD.C.7	
W35	Q4	05-23	B10 · Statistics	1.MD.B.3,1.MD.C.4,2.MD.C.7,3.MD.A.1,4.MD.A.1	End of Block 9 · Time
W36	Q4	05-30	B10 · Statistics	1.MD.C.4,2.MD.D.10	
W37	Q4	06-06	B11 · Position and direction	1.MD.C.4,2.MD.D.10,3.MD.B.3,K.G.A.1	End of Block 10 · Statistics
W38	Q4	06-13	B11 · Position and direction	K.G.A.1	EOY assessment · Paper A;EOY assessment · Paper B
W39	Q4	06-20	B11 · Position and direction	1.G.A.1,K.G.A.1	End of Block 11 · Position · year wrap & handover
